Model,R2,MAE,MSE,RMSE
Linear Regression,-0.05816431804579647,0.8314245682514313,1.0487265563375239,1.0240735111980603
Random Forest Regressor,-0.029714748338692365,0.8171888826421004,1.020530728185507,1.0102132092709475
Gradient Boosting Regressor,-0.008940789680710548,0.7989825649265048,0.9999420523500583,0.9999710257552757
Support Vector Regressor,-0.070085518244698,0.8385042713697711,1.0605414314176937,1.029825922871285
K-Nearest Neighbors Regressor,-0.19371568302392772,0.8892667540823976,1.1830689394400828,1.0876897257214866
